Player,Team,Year
Derrick Rose,Chicago Bulls,2012
Zach LaVine,Minnesota Timberwolves,2017
Jabari Parker,Milwaukee Bucks,2014
Jabari Parker,Milwaukee Bucks,2017
Kristaps Porziņģis,New York Knicks,2018
Rajon Rondo,Boston Celtics,2013
Danilo Gallinari,Denver Nuggets,2013
Danilo Gallinari,Boston Celtics,2019
Ricky Rubio,Minnesota Timberwolves,2012
Ricky Rubio,Cleveland Cavaliers,2022
Nerlens Noel,Pre-NBA,2013
Tony Allen,Boston Celtics,2007
Corey Brewer,Minnesota Timberwolves,2008
Al Jefferson,Minnesota Timberwolves,2009
Brandon Knight,Phoenix Suns,2017
Kendrick Perkins,Boston Celtics,2010
Kyle Lowry,Pre-NBA,2004
Baron Davis,Charlotte Hornets,1999
Leon Powe,Boston Celtics,2009
Josh Howard,Washington Wizards,2010
Jamal Crawford,Chicago Bulls,2001
Michael Redd,Milwaukee Bucks,2009
Michael Redd,Milwaukee Bucks,2010
Speedy Claxton,Philadelphia 76ers,2000
Desagana Diop,Dallas Mavericks,2006
David West,New Orleans Hornets,2011
Iman Shumpert,New York Knicks,2012
Eric Maynor,Oklahoma City Thunder,2012
Jamaal Tinsley,Indiana Pacers,2005
Shaun Livingston,Los Angeles Clippers,2007
Maurice Taylor,Los Angeles Clippers,1999
Jonathan Bender,Indiana Pacers,2003
Jeffrey Taylor,Charlotte Bobcats,2013
Brandon Rush,Golden State Warriors,2012
Anthony Randolph,Denver Nuggets,2012
Beno Udrih,Miami Heat,2016
Jontay Porter,Pre-NBA,2018
Jontay Porter,Pre-NBA,2019
